Campus,Adresse,Code Postale,Ville
Agen,CS 20053 Estillac,47901,Agen
Amiens,5 Bd du Port d'Aval,80000,Amiens
Angers,2 Rue de la Martinellerie,49800,Trélazé
Arras,23-25 Rue du Dépot,62000,Arras
Auxerre,6 Rte de Moneteau,89005,Auxerre
Bordeaux,114 Rue Lucien Faure,33300,Bordeaux
Brest,475 Rue Joséphine Pencalet,29200,Brest
Caen,13 rue Martin Luther King,14280,Caen
Charleville-Mézières,8 Rue Claude Chrétien,08000,Charleville-Mézières
Chartres,1 Av. Marcel Proust CS 80062,28008,Chartres
Dijon,10 All. André Bourland,21000,Dijon
Gap,16 Rue Carnot,05000,Gap
Antenne du campus de Nice,18 Rue de l'Ancien Palais de Justice,06130,Grasse
Grenoble,11 Rue du Tour de l'Eau,38400,Saint-Martin-d'Hères
La Réunion,1 rue Francis-Sautron,97420,Le Port
Le Mans,2 Bd Marie et Alexandre Oyon,72100,Le Mans
Lille,2 Rue Alphonse Colas,59800,Lille
Lyon,47 Rue du Sergent Michel Berthet,69009,Lyon
Mont-De-Marsan,236 Av. de Canenx,40000,Mont-de-Marsan
Montluçon,31 Quai Louis Blanc,03100,Montluçon
Montpellier-Euromédecine 1,499 rue de la Croix Verte,34196,Montpellier
Montpellier-Euromédecine 2,61 rue guillaume Dupuytren,34090,Montpellier
Montpellier Odysseum,349 Rue de la Cavalade,34000,Montpellier
Moulins,11 Rte de Paris,03000,Avermes
Mulhouse,15 Rue des Frères Lumière,68350,Mulhouse
Nantes,16 Bd Général de Gaulle,44200,Nantes
Nice,10 Avenue Thiers,06000,Nice
Paris,20 bis Jardins Boieldieu,92800,Puteaux
Paris 17ème,7-11 Av. des Chasseurs,75017,Paris
Reims,3 Rue Max Holste,51100,Reims
Rennes,Rue Fernand Robert,35000,Rennes
Saint-Etienne,Rue de Copernic,42100,Saint-Étienne
Toulon,451 Rue François Arago,83130,La Garde
Toulouse,11 Rue de la Tuilerie,31130,Balma
